name,type,location,creators_rec,notes,sheet_name,address,rating,user_ratings_total,google_maps_link,lat,lng
Blue Bottle,Coffee,San Francisco Bay Area,,,Dea - Bay Area,"199 Sutter St, San Francisco, CA 94104, United States",4.3,193,"https://www.google.com/maps/search/?api=1&query=199%20Sutter%20St,%20San%20Francisco,%20CA%2094104,%20United%20States&query_place_id=ChIJkTp9BlSBhYARQ4Ac1T2twbk",37.7897159,-122.4036692
Cafenated Coffee,Coffee,San Francisco Bay Area,,,Dea - Bay Area,"2085 Vine St, Berkeley, CA 94709, United States",4.3,368,"https://www.google.com/maps/search/?api=1&query=2085%20Vine%20St,%20Berkeley,%20CA%2094709,%20United%20States&query_place_id=ChIJz4VbokB_hYAR95axLBoPul4",37.8803291,-122.2699044
Victory Point,Coffee,San Francisco Bay Area,Yes,Good espresso in a board game cafe.,Dea - Bay Area,"1797 Shattuck Ave. Ste A, Berkeley, CA 94709, United States",4.7,775,"https://www.google.com/maps/search/?api=1&query=1797%20Shattuck%20Ave.%20Ste%20A,%20Berkeley,%20CA%2094709,%20United%20States&query_place_id=ChIJc4U-eZ9-hYAR5ih4d-bZpBI",37.8751742,-122.2684613
My Coffee Roastery,Coffee,San Francisco Bay Area,Yes,"Fairytale cottage coffee shop, with incredible attention to detail. Look out for sorted jars of bad coffee beans (""floater"" and ""immature"" among others).",Dea - Bay Area,"2080 Martin Luther King Jr Way, Berkeley, CA 94704, United States",4.8,268,"https://www.google.com/maps/search/?api=1&query=2080%20Martin%20Luther%20King%20Jr%20Way,%20Berkeley,%20CA%2094704,%20United%20States&query_place_id=ChIJxapf8PF_hYARPg1Ki7Ws9pE",37.8707081,-122.2731313
Artis,Coffee,San Francisco Bay Area,,,Dea - Bay Area,"3200 Buchanan St, San Francisco, CA 94123, United States",5,13,"https://www.google.com/maps/search/?api=1&query=3200%20Buchanan%20St,%20San%20Francisco,%20CA%2094123,%20United%20States&query_place_id=ChIJn9NlrduAhYARGpRE10b3jg8",37.7994913,-122.4324954
Hidden Cafe,Coffee,San Francisco Bay Area,,,Dea - Bay Area,"1250 Addison St Suite 111, Berkeley, CA 94702, United States",4.8,190,"https://www.google.com/maps/search/?api=1&query=1250%20Addison%20St%20Suite%20111,%20Berkeley,%20CA%2094702,%20United%20States&query_place_id=ChIJBXOowZl_hYARlyq3_rFQii0",37.8684254,-122.2869747
Timeless Cafe,Coffee,San Francisco Bay Area,,,Dea - Bay Area,"85 Webster St, Oakland, CA 94607, United States",4.6,27,"https://www.google.com/maps/search/?api=1&query=85%20Webster%20St,%20Oakland,%20CA%2094607,%20United%20States&query_place_id=ChIJn8E-3JmBj4ARluJx519FjNQ",37.7944421,-122.274949
Free Speech Movement,Coffee,San Francisco Bay Area,,,Dea - Bay Area,"3rd Floor, U C, University Dr, Berkeley, CA 94709, United States",4.3,205,"https://www.google.com/maps/search/?api=1&query=3rd%20Floor,%20U%20C,%20University%20Dr,%20Berkeley,%20CA%2094709,%20United%20States&query_place_id=ChIJ60w1qN9-hYARtzxtM7Qwdw4",37.8725738,-122.260848
Rasa Cafe,Coffee,San Francisco Bay Area,,,Dea - Bay Area,"1379 4th St, San Francisco, CA 94158, United States",4.6,47,"https://www.google.com/maps/search/?api=1&query=1379%204th%20St,%20San%20Francisco,%20CA%2094158,%20United%20States&query_place_id=ChIJCy0wI95_j4ARigNNPMcOA8A",37.7707737,-122.3904454
States,Coffee,San Francisco Bay Area,,,Dea - Bay Area,"San Francisco Bay Area, CA, USA",,,"https://www.google.com/maps/search/?api=1&query=San%20Francisco%20Bay%20Area,%20CA,%20USA&query_place_id=ChIJtdeIpqODhYARqR9GV4QbiYw",37.8271784,-122.2913078
Equator Coffee,Coffee,San Francisco Bay Area,,,Dea - Bay Area,"2 Marina Blvd, San Francisco, CA 94123, United States",4.4,341,"https://www.google.com/maps/search/?api=1&query=2%20Marina%20Blvd,%20San%20Francisco,%20CA%2094123,%20United%20States&query_place_id=ChIJA_rvjdiAhYARb0vVE-Pyauk",37.8053185,-122.4318742
Souvenir Coffee,Coffee,San Francisco Bay Area,,,Dea - Bay Area,"262 Divisadero St, San Francisco, CA 94117, United States",4.7,69,"https://www.google.com/maps/search/?api=1&query=262%20Divisadero%20St,%20San%20Francisco,%20CA%2094117,%20United%20States&query_place_id=ChIJcfdZTniBhYAR1cv6xpc52jg",37.7716287,-122.4369858
Cole Coffee,Coffee,San Francisco Bay Area,,,Dea - Bay Area,"6255 College Ave, Oakland, CA 94618, United States",4.5,178,"https://www.google.com/maps/search/?api=1&query=6255%20College%20Ave,%20Oakland,%20CA%2094618,%20United%20States&query_place_id=ChIJNQisF8V9hYARc49kZMxujrw",37.8502346,-122.2525058
Bartavelle Coffee,Coffee,San Francisco Bay Area,,,Dea - Bay Area,"1621 San Pablo Ave, Berkeley, CA 94702, United States",4.6,323,"https://www.google.com/maps/search/?api=1&query=1621%20San%20Pablo%20Ave,%20Berkeley,%20CA%2094702,%20United%20States&query_place_id=ChIJAYt4gMZ-hYARyMgp8yrKXpE",37.8745139,-122.2934444
CoRo Coffee,Coffee,San Francisco Bay Area,,,Dea - Bay Area,"2324 Fifth St, Berkeley, CA 94710, United States",4.7,137,"https://www.google.com/maps/search/?api=1&query=2324%20Fifth%20St,%20Berkeley,%20CA%2094710,%20United%20States&query_place_id=ChIJ4-0j0Oh-hYAR_rDr6cfh-N4",37.8625,-122.2972583
Ritual,Coffee,San Francisco Bay Area,,,Dea - Bay Area,"432b Octavia St, San Francisco, CA 94102, United States",4.5,455,"https://www.google.com/maps/search/?api=1&query=432b%20Octavia%20St,%20San%20Francisco,%20CA%2094102,%20United%20States&query_place_id=ChIJ70taCKKAhYARDqB5RsSPUJc",37.7763869,-122.4242302
The Coffee Movement,Coffee,San Francisco Bay Area,Yes,Favorite coffee shop in SF! Bonus points if you go in the summer and they have a repurposed orange VW van for people to sit in.,Dea - Bay Area,"1030 Washington St, San Francisco, CA 94108, United States",4.8,720,"https://www.google.com/maps/search/?api=1&query=1030%20Washington%20St,%20San%20Francisco,%20CA%2094108,%20United%20States&query_place_id=ChIJoTMb3PKAhYARsXkQt469sBw",37.7947575,-122.4102936
Sightglass,Coffee,San Francisco Bay Area,,,Dea - Bay Area,"270 7th St, San Francisco, CA 94103, United States",4.5,2833,"https://www.google.com/maps/search/?api=1&query=270%207th%20St,%20San%20Francisco,%20CA%2094103,%20United%20States&query_place_id=ChIJf-V9OIKAhYARu8bBG2S6RME",37.77704,-122.4084386
Apple Visitor Center,Coffee,San Francisco Bay Area,Yes,"Coffee: slightly average. Apple's HQ being across the street: kinda surreal. If you get a foamy drink, there's a nice litte surprise at the top :)",Dea - Bay Area,"10600 N Tantau Ave, Cupertino, CA 95014, United States",4.4,976,"https://www.google.com/maps/search/?api=1&query=10600%20N%20Tantau%20Ave,%20Cupertino,%20CA%2095014,%20United%20States&query_place_id=ChIJ0aPn18W1j4ARgC9zTSPeQRc",37.332773,-122.0053844
Ain't Normal,Coffee,San Francisco Bay Area,,,Dea - Bay Area,"5701 College Ave, Oakland, CA 94618, United States",4.7,145,"https://www.google.com/maps/search/?api=1&query=5701%20College%20Ave,%20Oakland,%20CA%2094618,%20United%20States&query_place_id=ChIJUborLjx_hYARle9InnFaRGA",37.8453451,-122.2520176
Goody Cafe,Coffee,San Francisco Bay Area,,,Dea - Bay Area,"Landmark Building C, 2 Marina Blvd, San Francisco, CA 94123, United States",4.4,76,"https://www.google.com/maps/search/?api=1&query=Landmark%20Building%20C,%202%20Marina%20Blvd,%20San%20Francisco,%20CA%2094123,%20United%20States&query_place_id=ChIJ02-LXyeBhYARMKR34YswheM",37.8065274,-122.431413
HITW,Coffee,San Francisco Bay Area,Yes,"Essentially a coffee window with a few squeaky tables around it on the street, but few coffee experiences beat getting an espresso shot, reading a book and taking in the beautiful North Beach SF neighborhood, especially in early fall.",Dea - Bay Area,"524 Union St, San Francisco, CA 94133, United States",4.7,196,"https://www.google.com/maps/search/?api=1&query=524%20Union%20St,%20San%20Francisco,%20CA%2094133,%20United%20States&query_place_id=ChIJp8zEOPGAhYAR4VicktsDkf0",37.8006907,-122.4080931
1951 Coffee,Coffee,San Francisco Bay Area,,,Dea - Bay Area,"2410 Channing Way, Berkeley, CA 94704, United States",4.7,324,"https://www.google.com/maps/search/?api=1&query=2410%20Channing%20Way,%20Berkeley,%20CA%2094704,%20United%20States&query_place_id=ChIJW2yuxCh8hYARGGQHIaJzsZc",37.8666359,-122.2599729
Red Bay Coffee Box,Coffee,San Francisco Bay Area,,,Dea - Bay Area,"2327 Broadway, Oakland, CA 94612, United States",4.7,83,"https://www.google.com/maps/search/?api=1&query=2327%20Broadway,%20Oakland,%20CA%2094612,%20United%20States&query_place_id=ChIJ_-pWxayAj4ARh4qLGoszSn0",37.8126899,-122.2663677
Crown Coffee Lab,Coffee,San Francisco Bay Area,Yes,"Coffee meets tasting menus: get their sample of 3 coffees and nerd out over tasting notes. Also offers classes, consultations and a podcast!",Dea - Bay Area,"2523 Broadway, Oakland, CA 94612, United States",4.7,108,"https://www.google.com/maps/search/?api=1&query=2523%20Broadway,%20Oakland,%20CA%2094612,%20United%20States&query_place_id=ChIJrVeVEOWHj4ARvUAZyJpyVY4",37.8144754,-122.2650524
Verve Coffee,Coffee,San Francisco Bay Area,,,Dea - Bay Area,"2101 Market St, San Francisco, CA 94114, United States",4.4,669,"https://www.google.com/maps/search/?api=1&query=2101%20Market%20St,%20San%20Francisco,%20CA%2094114,%20United%20States&query_place_id=ChIJUVdHex5-j4ARPEs27aq3-tg",37.7671579,-122.4290973
The Mill,Coffee,San Francisco Bay Area,,,Dea - Bay Area,"736 Divisadero St, San Francisco, CA 94117, United States",4.5,1765,"https://www.google.com/maps/search/?api=1&query=736%20Divisadero%20St,%20San%20Francisco,%20CA%2094117,%20United%20States&query_place_id=ChIJVzS3LbCAhYAR6Dw2KqlhWhg",37.7764861,-122.4378944
Nirvana Soul,Coffee,San Francisco Bay Area,Yes,"Great coffee in a pink, tropical-themed shop. The staff is incredibly friendly and it shows: the shop even has a coffee Spotify playlist!",Dea - Bay Area,"315 S 1st St, San Jose, CA 95113, United States",4.8,469,"https://www.google.com/maps/search/?api=1&query=315%20S%201st%20St,%20San%20Jose,%20CA%2095113,%20United%20States&query_place_id=ChIJz1LOsPnNj4ARsOE14qXH6v0",37.3311664,-121.8870153
VN Beans,Coffee,San Francisco Bay Area,,,Dea - Bay Area,"288 Connecticut St, San Francisco, CA 94107, United States",4.3,436,"https://www.google.com/maps/search/?api=1&query=288%20Connecticut%20St,%20San%20Francisco,%20CA%2094107,%20United%20States&query_place_id=ChIJwxzssMt_j4ARFniAGvgn6LQ",37.7626205,-122.3977372
Three Waves,Coffee,San Francisco Bay Area,,,Dea - Bay Area,"7 Joost Ave Suite 201, San Francisco, CA 94131, United States",5,1,"https://www.google.com/maps/search/?api=1&query=7%20Joost%20Ave%20Suite%20201,%20San%20Francisco,%20CA%2094131,%20United%20States&query_place_id=ChIJF4uQzHx-j4ARyxGj5CkZkAc",37.732274,-122.435521
Sextant Coffee Roasters,Coffee,San Francisco Bay Area,Yes,Some of the best coffee the Bay Area has to offer.,Dea - Bay Area,"1415 Folsom St, San Francisco, CA 94103, United States",4.5,593,"https://www.google.com/maps/search/?api=1&query=1415%20Folsom%20St,%20San%20Francisco,%20CA%2094103,%20United%20States&query_place_id=ChIJg1s92Sd-j4ARTKJr-IhF_-Q",37.7724648,-122.412957
Motivat,Coffee,San Francisco Bay Area,,,Dea - Bay Area,"106 Point Lobos Ave, San Francisco, CA 94121, United States",0,0,"https://www.google.com/maps/search/?api=1&query=106%20Point%20Lobos%20Ave,%20San%20Francisco,%20CA%2094121,%20United%20States&query_place_id=ChIJV1VVVamHhYARdd3gEWMlHNA",37.7799292,-122.5042112
Bicycle Coffee,Coffee,San Francisco Bay Area,Yes,Bike-themed shop geared towards cyclists. Expect to be served with both coffee and cycling gear if interested. They give you discounts if you show them your helmet!,Dea - Bay Area,"377 2nd St #110, Oakland, CA 94607, United States",4.6,501,"https://www.google.com/maps/search/?api=1&query=377%202nd%20St%20#110,%20Oakland,%20CA%2094607,%20United%20States&query_place_id=ChIJSbBdUciAj4ARwTBjTQ6u0FY",37.79502600000001,-122.2748249
Andytown,Coffee,San Francisco Bay Area,,,Dea - Bay Area,"3629 Taraval St, San Francisco, CA 94116, United States",4.5,375,"https://www.google.com/maps/search/?api=1&query=3629%20Taraval%20St,%20San%20Francisco,%20CA%2094116,%20United%20States&query_place_id=ChIJyQd9b2N9j4ARU0bf2M8oyAk",37.7414594,-122.5052277
Flywheel,Coffee,San Francisco Bay Area,,,Dea - Bay Area,"672 Stanyan St, San Francisco, CA 94117, United States",4.5,953,"https://www.google.com/maps/search/?api=1&query=672%20Stanyan%20St,%20San%20Francisco,%20CA%2094117,%20United%20States&query_place_id=ChIJdam9at-HhYAReFFog6hjhdo",37.7696699,-122.4534997
Snow White,Coffee,San Francisco Bay Area,,,Dea - Bay Area,"2650 Clement St, San Francisco, CA 94121, United States",4.1,8,"https://www.google.com/maps/search/?api=1&query=2650%20Clement%20St,%20San%20Francisco,%20CA%2094121,%20United%20States&query_place_id=ChIJHfb-9AaHhYARlRePvhQ6GvQ",37.782127,-122.487926
Awaken,Coffee,San Francisco Bay Area,Yes,Downtown Oakland spot with pretty good espresso and oversized beach lounging chairs in front of the shop that let you people-watch and bask in the sun.,Dea - Bay Area,"467 Guerrero St #4, San Francisco, CA 94110, United States",5,6,"https://www.google.com/maps/search/?api=1&query=467%20Guerrero%20St%20#4,%20San%20Francisco,%20CA%2094110,%20United%20States&query_place_id=ChIJrZQqmxV_j4ARLtqzQ134bz0",37.7637169,-122.4237422
Four Barrel,Coffee,San Francisco Bay Area,,,Dea - Bay Area,"375 Valencia St, San Francisco, CA 94103, United States",4.5,2385,"https://www.google.com/maps/search/?api=1&query=375%20Valencia%20St,%20San%20Francisco,%20CA%2094103,%20United%20States&query_place_id=ChIJ__abjyF-j4ARmyuzGS1yOdc",37.767021,-122.4219573
Kilovolt,Coffee,San Francisco Bay Area,,,Dea - Bay Area,"1829 Mandela Pkwy, Oakland, CA 94607, United States",4.4,377,"https://www.google.com/maps/search/?api=1&query=1829%20Mandela%20Pkwy,%20Oakland,%20CA%2094607,%20United%20States&query_place_id=ChIJk0lM_uJ_hYARUers_89-3s0",37.8142768,-122.2905905
Haddon Hill,Coffee,San Francisco Bay Area,,,Dea - Bay Area,"504 Wesley Ave, Oakland, CA 94606, United States",4.7,147,"https://www.google.com/maps/search/?api=1&query=504%20Wesley%20Ave,%20Oakland,%20CA%2094606,%20United%20States&query_place_id=ChIJX946rDiHj4AR9IBVQMmvTNM",37.8049375,-122.248852
CRO Cafe,Coffee,San Francisco Bay Area,,,Dea - Bay Area,"Alley 49, Oakland, CA 94609, United States",4.4,100,"https://www.google.com/maps/search/?api=1&query=Alley%2049,%20Oakland,%20CA%2094609,%20United%20States&query_place_id=ChIJcdGPDeF9hYARrf-L17vFVzY",37.8360141,-122.2618377
Mind Coffee,Coffee,San Francisco Bay Area,,,Dea - Bay Area,"1816 Euclid Ave, Berkeley, CA 94709, United States",4.8,31,"https://www.google.com/maps/search/?api=1&query=1816%20Euclid%20Ave,%20Berkeley,%20CA%2094709,%20United%20States&query_place_id=ChIJgz3oXhJ9hYARlD3v3inA8uY",37.8757834,-122.2605424
Piccino,Coffee,San Francisco Bay Area,,,Dea - Bay Area,"1001 Minnesota St, San Francisco, CA 94107, United States",4.5,1112,"https://www.google.com/maps/search/?api=1&query=1001%20Minnesota%20St,%20San%20Francisco,%20CA%2094107,%20United%20States&query_place_id=ChIJZy35-bl_j4ARBBvSPp-LhIE",37.7575756,-122.3899633
Hal's Office Coffee,Coffee,San Francisco Bay Area,Yes,Neighbor-ly spot in Albany: get their empanadas and an espresso and thank me later!,Dea - Bay Area,"1207 Solano Ave, Albany, CA 94706, United States",4.6,182,"https://www.google.com/maps/search/?api=1&query=1207%20Solano%20Ave,%20Albany,%20CA%2094706,%20United%20States&query_place_id=ChIJu1DJ0DN5hYARRSovhhQLnJs",37.89058,-122.2959295
Signal Coffee,Coffee,San Francisco Bay Area,,,Dea - Bay Area,"1536 Webster St, Alameda, CA 94501, United States",4.6,107,"https://www.google.com/maps/search/?api=1&query=1536%20Webster%20St,%20Alameda,%20CA%2094501,%20United%20States&query_place_id=ChIJOcpjXT-Bj4ARebbx8e144nw",37.77462,-122.2765429
Linea Coffee,Coffee,San Francisco Bay Area,,,Dea - Bay Area,"3417 18th St, San Francisco, CA 94110, United States",4.5,335,"https://www.google.com/maps/search/?api=1&query=3417%2018th%20St,%20San%20Francisco,%20CA%2094110,%20United%20States&query_place_id=ChIJFUuuvzx-j4ARAYJkkQoM5so",37.7616667,-122.42
Noe Cafe,Coffee,San Francisco Bay Area,,,Dea - Bay Area,"1299 Sanchez St, San Francisco, CA 94114, United States",4.7,277,"https://www.google.com/maps/search/?api=1&query=1299%20Sanchez%20St,%20San%20Francisco,%20CA%2094114,%20United%20States&query_place_id=ChIJGzD_VaV_j4ARXsfoRJmwqn8",37.7485047,-122.4292293
SPRO,Coffee,San Francisco Bay Area,Yes,Coffee truck alert!,Dea - Bay Area,"601 Mission Bay Boulevard North, San Francisco, CA 94158, United States",4.7,260,"https://www.google.com/maps/search/?api=1&query=601%20Mission%20Bay%20Boulevard%20North,%20San%20Francisco,%20CA%2094158,%20United%20States&query_place_id=ChIJUcfd3c9_j4ARYgUQAMZQBxs",37.7708621,-122.3913901
Thai Basil House,Restaurant,San Francisco Bay Area,,,Dea - Bay Area,"1175 Folsom St, San Francisco, CA 94103, United States",4.3,678,"https://www.google.com/maps/search/?api=1&query=1175%20Folsom%20St,%20San%20Francisco,%20CA%2094103,%20United%20States&query_place_id=ChIJlfC_eYKAhYARhcWC559q0jc",37.7754393,-122.4093067
Mediterrane,Restaurant,San Francisco Bay Area,,,Dea - Bay Area,"288 Noe St, San Francisco, CA 94114, United States",4.4,463,"https://www.google.com/maps/search/?api=1&query=288%20Noe%20St,%20San%20Francisco,%20CA%2094114,%20United%20States&query_place_id=ChIJ5zBG8hx-j4ARMlRDyaao1os",37.7644861,-122.4333556
Gather,Restaurant,San Francisco Bay Area,,,Dea - Bay Area,"Between Allston, 2200 Oxford St, Kittredge St, Berkeley, CA 94704, United States",4.4,1017,"https://www.google.com/maps/search/?api=1&query=Between%20Allston,%202200%20Oxford%20St,%20Kittredge%20St,%20Berkeley,%20CA%2094704,%20United%20States&query_place_id=ChIJqUoig51-hYARUnXjcqs8-sg",37.8695038,-122.2661179
Razan's Organic Kitchen,Restaurant,San Francisco Bay Area,,,Dea - Bay Area,"2119 Kittredge St, Berkeley, CA 94704, United States",4.4,249,"https://www.google.com/maps/search/?api=1&query=2119%20Kittredge%20St,%20Berkeley,%20CA%2094704,%20United%20States&query_place_id=ChIJaR4XC51-hYAR3_tecW5GI80",37.8687287,-122.2668487
Little Gem Belgian Waffles,Restaurant,San Francisco Bay Area,,,Dea - Bay Area,"2468 Telegraph Ave Suite A, Berkeley, CA 94704, United States",4.5,211,"https://www.google.com/maps/search/?api=1&query=2468%20Telegraph%20Ave%20Suite%20A,%20Berkeley,%20CA%2094704,%20United%20States&query_place_id=ChIJOaTDxi58hYARnB1yJXzRhdE",37.86562130000001,-122.2586825
**Tony's Pizza Napoletana,Restaurant,San Francisco Bay Area,Yes,The other pizza spot in my top 2. Incredibly popular but also fully deserves all its hype. Props for getting creative with the pizza: I loved the jam-flavored one I got.,Dea - Bay Area,"1570 Stockton St, San Francisco, CA 94133, United States",4.5,6623,"https://www.google.com/maps/search/?api=1&query=1570%20Stockton%20St,%20San%20Francisco,%20CA%2094133,%20United%20States&query_place_id=ChIJHXHcEvGAhYARQPuHNN78s78",37.8003901,-122.4090335
Ghirardelli Ice Cream,Restaurant,San Francisco Bay Area,,,Dea - Bay Area,"2 New Montgomery St, San Francisco, CA 94105, United States",4.5,1588,"https://www.google.com/maps/search/?api=1&query=2%20New%20Montgomery%20St,%20San%20Francisco,%20CA%2094105,%20United%20States&query_place_id=ChIJefo8O4iAhYARRfftIRv7rKs",37.7883917,-122.4021162
Artichoke's Basille Pizza,Restaurant,San Francisco Bay Area,,,Dea - Bay Area,"4799 Telegraph Ave, Oakland, CA 94609, United States",4.3,158,"https://www.google.com/maps/search/?api=1&query=4799%20Telegraph%20Ave,%20Oakland,%20CA%2094609,%20United%20States&query_place_id=ChIJi-WYmuF9hYARs0Ls5aQWtig",37.8349698,-122.2632324
**Gregoire,Restaurant,San Francisco Bay Area,Yes,The notorious potato puffs with truffle oil. Non-optional and highly craveable.,Dea - Bay Area,"2109 Cedar St, Berkeley, CA 94709, United States",4.5,826,"https://www.google.com/maps/search/?api=1&query=2109%20Cedar%20St,%20Berkeley,%20CA%2094709,%20United%20States&query_place_id=ChIJtd1mG6F-hYARojnUY51ID8Q",37.8785598,-122.268584
Casa Barotti,Restaurant,San Francisco Bay Area,Yes,Among the only Italian streetfood spots in the Bay. Choose a few small slices from their selection and enjoy.,Dea - Bay Area,"3204 College Ave, Berkeley, CA 94705, United States",4.8,119,"https://www.google.com/maps/search/?api=1&query=3204%20College%20Ave,%20Berkeley,%20CA%2094705,%20United%20States&query_place_id=ChIJ9yXzCC59hYAR44ho2cVTyl0",37.8510297,-122.2526819
Taco Sinaloa,Restaurant,San Francisco Bay Area,,,Dea - Bay Area,"2138 International Blvd, Oakland, CA 94606, United States",4.3,2029,"https://www.google.com/maps/search/?api=1&query=2138%20International%20Blvd,%20Oakland,%20CA%2094606,%20United%20States&query_place_id=ChIJIVNR7y5-hYARuCf1tn9y6tQ",37.7849477,-122.2379643
Brenda's,Restaurant,San Francisco Bay Area,,,Dea - Bay Area,"652 Polk St, San Francisco, CA 94102, United States",4.5,5364,"https://www.google.com/maps/search/?api=1&query=652%20Polk%20St,%20San%20Francisco,%20CA%2094102,%20United%20States&query_place_id=ChIJZ9s5SJeAhYARIX3Fxl6oj6c",37.7829132,-122.4188995
Donato,Restaurant,San Francisco Bay Area,,,Dea - Bay Area,"2635 Ashby Ave, Berkeley, CA 94705, United States",4.3,339,"https://www.google.com/maps/search/?api=1&query=2635%20Ashby%20Ave,%20Berkeley,%20CA%2094705,%20United%20States&query_place_id=ChIJ7duu8c19hYARVXrcEsI7p2g",37.8571053,-122.2534871
Sotto Mare,Restaurant,San Francisco Bay Area,,,Dea - Bay Area,"552 Green St, San Francisco, CA 94133, United States",4.6,3467,"https://www.google.com/maps/search/?api=1&query=552%20Green%20St,%20San%20Francisco,%20CA%2094133,%20United%20States&query_place_id=ChIJQfYyVvGAhYARJVwoboB1WKQ",37.7997075,-122.4083431
Boichik Bagels,Restaurant,San Francisco Bay Area,,,Dea - Bay Area,"3170 College Ave, Berkeley, CA 94705, United States",4.5,496,"https://www.google.com/maps/search/?api=1&query=3170%20College%20Ave,%20Berkeley,%20CA%2094705,%20United%20States&query_place_id=ChIJn9T-ECV9hYARV4O5ll6y04k",37.8514832,-122.2526696
Piccolo Forno,Restaurant,San Francisco Bay Area,,,Dea - Bay Area,"725 Columbus Ave, San Francisco, CA 94133, United States",4.7,1190,"https://www.google.com/maps/search/?api=1&query=725%20Columbus%20Ave,%20San%20Francisco,%20CA%2094133,%20United%20States&query_place_id=ChIJLeYyO_CAhYAR6j9XsEIm3GI",37.8013826,-122.4119778
La Note,Restaurant,San Francisco Bay Area,,,Dea - Bay Area,"2377 Shattuck Ave., Berkeley, CA 94704, United States",4.4,1565,"https://www.google.com/maps/search/?api=1&query=2377%20Shattuck%20Ave.,%20Berkeley,%20CA%2094704,%20United%20States&query_place_id=ChIJB_-A0oJ-hYARwmbyJJR3sUo",37.866206,-122.267249
Freehouse,Restaurant,San Francisco Bay Area,,,Dea - Bay Area,"1325 NE Fremont St, Portland, OR 97212, United States",4.5,133,"https://www.google.com/maps/search/?api=1&query=1325%20NE%20Fremont%20St,%20Portland,%20OR%2097212,%20United%20States&query_place_id=ChIJrV-5VTqnlVQRdQee_8SqfwI",45.5483431,-122.6522457
Cafe Reveille,Restaurant,San Francisco Bay Area,,,Dea - Bay Area,"610 Long Bridge Street, San Francisco, CA 94158, United States",4.4,725,"https://www.google.com/maps/search/?api=1&query=610%20Long%20Bridge%20Street,%20San%20Francisco,%20CA%2094158,%20United%20States&query_place_id=ChIJrYVUEYCAhYARweDb0BL63f0",37.7735205,-122.3916911
Lazy Dog,Restaurant,San Francisco Bay Area,,,Dea - Bay Area,"2208 Bridgepointe Pkwy, San Mateo, CA 94404, United States",4.2,462,"https://www.google.com/maps/search/?api=1&query=2208%20Bridgepointe%20Pkwy,%20San%20Mateo,%20CA%2094404,%20United%20States&query_place_id=ChIJUSuYArmfj4ARrq1hjNw2KwQ",37.560525,-122.283111
**Chez Panisse,Restaurant,San Francisco Bay Area,,,Dea - Bay Area,"1517 Shattuck Ave., Berkeley, CA 94709, United States",4.6,1936,"https://www.google.com/maps/search/?api=1&query=1517%20Shattuck%20Ave.,%20Berkeley,%20CA%2094709,%20United%20States&query_place_id=ChIJcYtcJaF-hYAR-VzrwZpQY0E",37.879593,-122.2690371
Hog Island Oysters,Restaurant,San Francisco Bay Area,,,Dea - Bay Area,"Ferry Building, #11, San Francisco, CA 94111, United States",4.6,2695,"https://www.google.com/maps/search/?api=1&query=Ferry%20Building,%20#11,%20San%20Francisco,%20CA%2094111,%20United%20States&query_place_id=ChIJWTGPjmaAhYARgXpiJ-aACYM",37.7954425,-122.3936136
Sizzling Lunch,Restaurant,San Francisco Bay Area,,,Dea - Bay Area,"139 8th St, San Francisco, CA 94103, United States",4.1,187,"https://www.google.com/maps/search/?api=1&query=139%208th%20St,%20San%20Francisco,%20CA%2094103,%20United%20States&query_place_id=ChIJYZp9LYOAhYAR-zYOp1qMPbE",37.7771586,-122.4126183
Bollywood Cafe,Restaurant,San Francisco Bay Area,,,Dea - Bay Area,"1805 Euclid Ave, Berkeley, CA 94709, United States",4.5,63,"https://www.google.com/maps/search/?api=1&query=1805%20Euclid%20Ave,%20Berkeley,%20CA%2094709,%20United%20States&query_place_id=ChIJq8H9nml9hYARO2pGXW6_Tm8",37.8757904,-122.2601754
Raleigh,Restaurant,San Francisco Bay Area,,,Dea - Bay Area,,,,,,
La Farine,Restaurant,San Francisco Bay Area,,,Dea - Bay Area,"3411 Fruitvale Ave, Oakland, CA 94602, United States",4.6,267,"https://www.google.com/maps/search/?api=1&query=3411%20Fruitvale%20Ave,%20Oakland,%20CA%2094602,%20United%20States&query_place_id=ChIJ1b3VuauHj4ARBVeVXFG50tA",37.799552,-122.2166126
Nabolom,Restaurant,San Francisco Bay Area,,,Dea - Bay Area,"2708 Russell St, Berkeley, CA 94705, United States",4.7,289,"https://www.google.com/maps/search/?api=1&query=2708%20Russell%20St,%20Berkeley,%20CA%2094705,%20United%20States&query_place_id=ChIJo1PumM19hYARx4eP1QxtjSg",37.8583833,-122.2528287
Lucca Delicatessen,Restaurant,San Francisco Bay Area,,,Dea - Bay Area,"2120 Chestnut St, San Francisco, CA 94123, United States",4.5,332,"https://www.google.com/maps/search/?api=1&query=2120%20Chestnut%20St,%20San%20Francisco,%20CA%2094123,%20United%20States&query_place_id=ChIJ01kH39aAhYARVLK3OOvDoAs",37.8006688,-122.438384
Viks Chaat,Restaurant,San Francisco Bay Area,,,Dea - Bay Area,"2390 Fourth St, Berkeley, CA 94710, United States",4.2,3676,"https://www.google.com/maps/search/?api=1&query=2390%20Fourth%20St,%20Berkeley,%20CA%2094710,%20United%20States&query_place_id=ChIJfbzMc-h-hYARG3cEXmb1XRU",37.8614004,-122.2980248
Acme Bread,Restaurant,San Francisco Bay Area,,,Dea - Bay Area,"Ferry Building, San Francisco Bay Trail UNIT 15, San Francisco, CA 94111, United States",4.6,266,"https://www.google.com/maps/search/?api=1&query=Ferry%20Building,%20San%20Francisco%20Bay%20Trail%20UNIT%2015,%20San%20Francisco,%20CA%2094111,%20United%20States&query_place_id=ChIJWTGPjmaAhYARUBlHM0tcCLk",37.7957389,-122.3936458
**Cheeseboard,Restaurant,San Francisco Bay Area,Yes,Worker-owned and operated pizza place with vegan ingredients and a new veggie-based set of toppings each day. One of Berkeley's landmarks and hugely influential in food movements.,Dea - Bay Area,"2535 3rd St, San Francisco, CA 94107, United States",4.6,150,"https://www.google.com/maps/search/?api=1&query=2535%203rd%20St,%20San%20Francisco,%20CA%2094107,%20United%20States&query_place_id=ChIJc8cnWf2BhYAR5ou_qwWKJtc",37.7572128,-122.3879197
B Patisserie,Restaurant,San Francisco Bay Area,,,Dea - Bay Area,"2821 California St, San Francisco, CA 94115, United States",4.7,2325,"https://www.google.com/maps/search/?api=1&query=2821%20California%20St,%20San%20Francisco,%20CA%2094115,%20United%20States&query_place_id=ChIJ59WgYcmAhYARu5gLD0FVpw4",37.7878941,-122.4408515
Brenda's Meat and Three,Restaurant,San Francisco Bay Area,,,Dea - Bay Area,"919 Divisadero St, San Francisco, CA 94115, United States",4.6,1843,"https://www.google.com/maps/search/?api=1&query=919%20Divisadero%20St,%20San%20Francisco,%20CA%2094115,%20United%20States&query_place_id=ChIJBZ2nB7GAhYAR1BUmlCHczaw",37.7781721,-122.4387208
Third Culture Bakery,Restaurant,San Francisco Bay Area,Yes,Mochi donuts! Can't go wrong with any flavor since they'll always be the perfect mix of chewy and crunchy.,Dea - Bay Area,"549 Irving St, San Francisco, CA 94122, United States",4.4,30,"https://www.google.com/maps/search/?api=1&query=549%20Irving%20St,%20San%20Francisco,%20CA%2094122,%20United%20States&query_place_id=ChIJHRvXC1yHhYAR1IP3O4Ekd-0",37.7640331,-122.4639095
La Marcha Tapas Bar,Restaurant,San Francisco Bay Area,,,Dea - Bay Area,"2026 San Pablo Ave, Berkeley, CA 94702, United States",4.4,951,"https://www.google.com/maps/search/?api=1&query=2026%20San%20Pablo%20Ave,%20Berkeley,%20CA%2094702,%20United%20States&query_place_id=ChIJZSVa58F-hYAR9fvuy-pr6Rg",37.8686448,-122.2921893
Breadbelly,Restaurant,San Francisco Bay Area,,,Dea - Bay Area,"1408 Clement St, San Francisco, CA 94118, United States",4.7,371,"https://www.google.com/maps/search/?api=1&query=1408%20Clement%20St,%20San%20Francisco,%20CA%2094118,%20United%20States&query_place_id=ChIJ06Hh75aHhYARre2ZXOUDzXY",37.7826278,-122.4743735
Cinderella,Restaurant,San Francisco Bay Area,,,Dea - Bay Area,"436 Balboa St, San Francisco, CA 94118, United States",4.7,2249,"https://www.google.com/maps/search/?api=1&query=436%20Balboa%20St,%20San%20Francisco,%20CA%2094118,%20United%20States&query_place_id=ChIJG6DZVEeHhYARN90v8rBlRsY",37.7773724,-122.4636784
**Oma San Francisco Station,Restaurant,San Francisco Bay Area,Yes,Omakase spot hidden at the edge of a Japantown mall. Relatively affordable and amazing sushi and service.,Dea - Bay Area,"1737 Post St #337, San Francisco, CA 94115, United States",4.6,160,"https://www.google.com/maps/search/?api=1&query=1737%20Post%20St%20#337,%20San%20Francisco,%20CA%2094115,%20United%20States&query_place_id=ChIJwbERTIWBhYARsQKbK5ikRuk",37.784985,-122.4310234
The Anchovy Bar,Restaurant,San Francisco Bay Area,,,Dea - Bay Area,"1740 O'Farrell St, San Francisco, CA 94115, United States",4.6,206,"https://www.google.com/maps/search/?api=1&query=1740%20O'Farrell%20St,%20San%20Francisco,%20CA%2094115,%20United%20States&query_place_id=ChIJN1jrY56BhYAROCDrviZM73k",37.7834015,-122.4332076
Shawarmaji,Restaurant,San Francisco Bay Area,Yes,,Dea - Bay Area,"2123 Franklin St, Oakland, CA 94612, United States",4.5,546,"https://www.google.com/maps/search/?api=1&query=2123%20Franklin%20St,%20Oakland,%20CA%2094612,%20United%20States&query_place_id=ChIJ06KARiyBj4ARJmSJSSDm0W4",37.8103351,-122.2668096
Kingpin Donuts,Restaurant,San Francisco Bay Area,,,Dea - Bay Area,"2521 Durant Ave A, Berkeley, CA 94704, United States",4.2,226,"https://www.google.com/maps/search/?api=1&query=2521%20Durant%20Ave%20A,%20Berkeley,%20CA%2094704,%20United%20States&query_place_id=ChIJpSV9Ey98hYARmVjcU0lZSSA",37.8680712,-122.2579599
Mama Oakland,Restaurant,San Francisco Bay Area,,,Dea - Bay Area,"388 Grand Ave, Oakland, CA 94610, United States",4.7,279,"https://www.google.com/maps/search/?api=1&query=388%20Grand%20Ave,%20Oakland,%20CA%2094610,%20United%20States&query_place_id=ChIJP3byt5iHj4ARj2K4nYYLMco",37.8090835,-122.2545103
Cupcakin Bake Shop,Restaurant,San Francisco Bay Area,,,Dea - Bay Area,"7 Warriors Way, San Francisco, CA 94158, United States",4.8,6,"https://www.google.com/maps/search/?api=1&query=7%20Warriors%20Way,%20San%20Francisco,%20CA%2094158,%20United%20States&query_place_id=ChIJdWSDc3R_j4AR1aAzp4m8HEs",37.7687395,-122.3876826
Poke Bowl,Restaurant,San Francisco Bay Area,,,Dea - Bay Area,"1700 Owens St, San Francisco, CA 94158, United States",4.2,45,"https://www.google.com/maps/search/?api=1&query=1700%20Owens%20St,%20San%20Francisco,%20CA%2094158,%20United%20States&query_place_id=ChIJjTdE6c5_j4ARk4XdBy8mJ_4",37.7670806,-122.3939234
Bob Donuts,Restaurant,San Francisco Bay Area,,,Dea - Bay Area,"1621 Polk St, San Francisco, CA 94109, United States",4.6,3461,"https://www.google.com/maps/search/?api=1&query=1621%20Polk%20St,%20San%20Francisco,%20CA%2094109,%20United%20States&query_place_id=ChIJj-FdH-uAhYARIp6mvqK3HNM",37.7918782,-122.4211769
Saul's Deli,Restaurant,San Francisco Bay Area,,,Dea - Bay Area,"1475 Shattuck Ave., Berkeley, CA 94709, United States",4.5,1774,"https://www.google.com/maps/search/?api=1&query=1475%20Shattuck%20Ave.,%20Berkeley,%20CA%2094709,%20United%20States&query_place_id=ChIJgcIf0KZ-hYAR_yowREPdtsY",37.8806714,-122.2690485
Arizmendi,Restaurant,San Francisco Bay Area,,,Dea - Bay Area,"1331 9th Ave, San Francisco, CA 94122, United States",4.7,1592,"https://www.google.com/maps/search/?api=1&query=1331%209th%20Ave,%20San%20Francisco,%20CA%2094122,%20United%20States&query_place_id=ChIJMdUfNVyHhYAR7pvCohDZC70",37.7634047,-122.466442
Fish and Bird Sousaku Izakaya,Restaurant,San Francisco Bay Area,,,Dea - Bay Area,"2451 Shattuck Ave., Berkeley, CA 94704, United States",4.3,262,"https://www.google.com/maps/search/?api=1&query=2451%20Shattuck%20Ave.,%20Berkeley,%20CA%2094704,%20United%20States&query_place_id=ChIJSVtssxl_hYAR2l6XqAe_ylA",37.8648104,-122.2671991
Rick and Ann's,Restaurant,San Francisco Bay Area,,,Dea - Bay Area,"2922 Domingo Ave, Berkeley, CA 94705, United States",4.5,667,"https://www.google.com/maps/search/?api=1&query=2922%20Domingo%20Ave,%20Berkeley,%20CA%2094705,%20United%20States&query_place_id=ChIJ4RFe8sl9hYARBEIC4MggivE",37.8585403,-122.2440731
Stuffed Inn,Restaurant,San Francisco Bay Area,,,Dea - Bay Area,"1829 Euclid Ave, Berkeley, CA 94709, United States",4.7,110,"https://www.google.com/maps/search/?api=1&query=1829%20Euclid%20Ave,%20Berkeley,%20CA%2094709,%20United%20States&query_place_id=ChIJ9U42fyF8hYARObpahg-fyAI",37.8756801,-122.2601326
Takoyaki Yamachan,Restaurant,San Francisco Bay Area,,,Dea - Bay Area,"1737 Post St STE395, San Francisco, CA 94115, United States",4.4,96,"https://www.google.com/maps/search/?api=1&query=1737%20Post%20St%20STE395,%20San%20Francisco,%20CA%2094115,%20United%20States&query_place_id=ChIJsw58pmiBhYARl8AD1CNFAyw",37.785076,-122.4305494
**Mochill Mochi Donuts,Restaurant,San Francisco Bay Area,Yes,Very crave-inducing mochi donut spot. My favorite is the black sesame which is a great mix of chewy-ness and flowery-looking donut.,Dea - Bay Area,"1737 Post St STE395, San Francisco, CA 94115, United States",4.6,310,"https://www.google.com/maps/search/?api=1&query=1737%20Post%20St%20STE395,%20San%20Francisco,%20CA%2094115,%20United%20States&query_place_id=ChIJYTeHK0SBhYARyEEvKzjrBl8",37.7850952,-122.4305392
Daily Driver,Restaurant,San Francisco Bay Area,Yes,Bagel shop that gets creative with its recipes: I got the goat cheese and honey cinammon raising bagel and enjoyed it in their airy space in the Dogpatch.,Dea - Bay Area,"2535 3rd St, San Francisco, CA 94107, United States",4.2,319,"https://www.google.com/maps/search/?api=1&query=2535%203rd%20St,%20San%20Francisco,%20CA%2094107,%20United%20States&query_place_id=ChIJbTcNCG9_j4AR8ezdnQGFXHo",37.7573474,-122.38801
Mochinut Donut,Restaurant,San Francisco Bay Area,,,Dea - Bay Area,"2126 Irving St, San Francisco, CA 94122, United States",4.2,34,"https://www.google.com/maps/search/?api=1&query=2126%20Irving%20St,%20San%20Francisco,%20CA%2094122,%20United%20States&query_place_id=ChIJAT2lGU2HhYARfiropqNEhd8",37.7635704,-122.4808069
Imm Thai,Restaurant,San Francisco Bay Area,,,Dea - Bay Area,"2068 University Ave, Berkeley, CA 94704, United States",4.5,1206,"https://www.google.com/maps/search/?api=1&query=2068%20University%20Ave,%20Berkeley,%20CA%2094704,%20United%20States&query_place_id=ChIJYx5P7J5-hYARctvMDW_ZVF8",37.8719079,-122.2691186
Reem's California Mission,Restaurant,San Francisco Bay Area,,,Dea - Bay Area,"2901 Mission St, San Francisco, CA 94110, United States",4.4,174,"https://www.google.com/maps/search/?api=1&query=2901%20Mission%20St,%20San%20Francisco,%20CA%2094110,%20United%20States&query_place_id=ChIJo5ZK6U1_j4ARzzvu7N7rK5I",37.7505546,-122.4179873
El Porteno,Restaurant,San Francisco Bay Area,,,Dea - Bay Area,"Ferry Building Marketplace 1 Ferry Building 53, San Francisco, CA 94111, United States",4.3,364,"https://www.google.com/maps/search/?api=1&query=Ferry%20Building%20Marketplace%201%20Ferry%20Building%2053,%20San%20Francisco,%20CA%2094111,%20United%20States&query_place_id=ChIJuQFUy02Aj4ARoaOaNCQq7Oc",37.7955703,-122.3933208
Coffee Lab,Restaurant,San Francisco Bay Area,,,Dea - Bay Area,"601 Mission Bay Boulevard North, San Francisco, CA 94158, United States",4.7,260,"https://www.google.com/maps/search/?api=1&query=601%20Mission%20Bay%20Boulevard%20North,%20San%20Francisco,%20CA%2094158,%20United%20States&query_place_id=ChIJUcfd3c9_j4ARYgUQAMZQBxs",37.7708621,-122.3913901
La Coqueta,Restaurant,San Francisco Bay Area,,,Dea - Bay Area,"Pier 5 The Embarcadero, San Francisco, CA 94111, United States",4.4,2200,"https://www.google.com/maps/search/?api=1&query=Pier%205%20The%20Embarcadero,%20San%20Francisco,%20CA%2094111,%20United%20States&query_place_id=ChIJA8_SN2eAhYARCIvEx44Zvfw",37.7985824,-122.3966387
La Mar Cebicheria Peruana,Restaurant,San Francisco Bay Area,Yes,"Famous Peruvian spot, with some of the best nigiri I've had. Very fresh and tasty, and a great balcony area overlooking the Bay Bridge and Embarcadero.",Dea - Bay Area,"PIER 1 1/2 The Embarcadero N, San Francisco, CA 94105, United States",4.5,3696,"https://www.google.com/maps/search/?api=1&query=PIER%201%201/2%20The%20Embarcadero%20N,%20San%20Francisco,%20CA%2094105,%20United%20States&query_place_id=ChIJURDKN2eAhYARN0AMzUEaiKo",37.7971425,-122.3953713
Top Dog,Restaurant,San Francisco Bay Area,Yes,"Simple hot dog spot a block and a half from UC Berkeley's campus. The perfectly simple recipe of a bun, hot dog and mustard served in a place that has been there since 1966.",Dea - Bay Area,"2121 Taraval St, San Francisco, CA 94116, United States",5,51,"https://www.google.com/maps/search/?api=1&query=2121%20Taraval%20St,%20San%20Francisco,%20CA%2094116,%20United%20States&query_place_id=ChIJS9lZoH19j4ARDWUbCMQ91og",37.7422717,-122.4889004
California Fish Market,Restaurant,San Francisco Bay Area,,,Dea - Bay Area,"550 Green St, San Francisco, CA 94133, United States",4.6,253,"https://www.google.com/maps/search/?api=1&query=550%20Green%20St,%20San%20Francisco,%20CA%2094133,%20United%20States&query_place_id=ChIJXdi5oueBhYARBjI45xUkjDw",37.7997326,-122.4082666
Besharam,Restaurant,San Francisco Bay Area,Yes,"Great Gujarati cuisine with menu sections named after cities: for me, Khaman (lentil cake with coconut chutney) and their house-made cocktails were the hightlight of the experience.",Dea - Bay Area,"1275 Minnesota St, San Francisco, CA 94107, United States",4.3,440,"https://www.google.com/maps/search/?api=1&query=1275%20Minnesota%20St,%20San%20Francisco,%20CA%2094107,%20United%20States&query_place_id=ChIJpVAZ4wx_j4AR4j8Q0COpGHc",37.7541896,-122.3897345
Pier Market Seafood Restaurant,Restaurant,San Francisco Bay Area,,,Dea - Bay Area,"39 Pier 39, San Francisco, CA 94133, United States",4.4,6218,"https://www.google.com/maps/search/?api=1&query=39%20Pier%2039,%20San%20Francisco,%20CA%2094133,%20United%20States&query_place_id=ChIJHSGzi_yAhYAR9CGTkz3GiJ0",37.809932,-122.4105757
Hillstone,Restaurant,San Francisco Bay Area,,,Dea - Bay Area,"1800 Montgomery St, San Francisco, CA 94111, United States",4.4,1754,"https://www.google.com/maps/search/?api=1&query=1800%20Montgomery%20St,%20San%20Francisco,%20CA%2094111,%20United%20States&query_place_id=ChIJ3a33xfmAhYAR5tbOg8ouvf8",37.805984,-122.405143
Joyride Pizza,Restaurant,San Francisco Bay Area,,,Dea - Bay Area,"411 Valencia St, San Francisco, CA 94103, United States",4.1,255,"https://www.google.com/maps/search/?api=1&query=411%20Valencia%20St,%20San%20Francisco,%20CA%2094103,%20United%20States&query_place_id=ChIJG6XOLiJ-j4ARwnJDDxPKAs8",37.7663153,-122.4218344
Zachary's Chicago Pizza,Restaurant,San Francisco Bay Area,Yes,"Local legend pizza place that serves Chicago-style pizza with yummy stuffings. Once the pizza is ready, the friendly staff will offer to serve you the first piece. The spinach and mushroom  is a classic!",Dea - Bay Area,"1853 Solano Ave, Berkeley, CA 94707, United States",4.6,1723,"https://www.google.com/maps/search/?api=1&query=1853%20Solano%20Ave,%20Berkeley,%20CA%2094707,%20United%20States&query_place_id=ChIJM7ZMM015hYARTF7hu0UXeZY",37.8915426,-122.2785885
Ralph's,Coffee,,,"Interesting experience in this Ralph Lauren coffee shop. The decor was fancier than the coffee, but still not your usual drink.",Dea - NYC + DC + NJ,,,,,,
Cafe Grumpy,Coffee,,,Cute spot in a Whole Foods (convenient). The espresso was pretty good as well!,Dea - NYC + DC + NJ,,,,,,
%Arabica,Coffee,,,Great coffee in an awesome location: get your coffee to go and walk over to the park overlooking the Manhattan skyline.,Dea - NYC + DC + NJ,,,,,,
Black Fox Coffee,Coffee,,Yes,"Fave NYC coffee spot! Singular attention to making very high quality coffee drinks provides for some of the best espresso I've had. Checkout one of their three spots around New York, but I recommend their Pine Street flagship.",Dea - NYC + DC + NJ,,,,,,
Cafe Patoro,Coffee,,Yes,"Quaint shop in the Front Street historical district. You'll enjoy the calm atmosphere if you like a cozy spot to read, write or meet up with the shop's regulars. Also pretty good coffee is a bonus.",Dea - NYC + DC + NJ,,,,,,
Coffee Project,Coffee,,,Deconstructed coffees are the star of the show at this small coffee shop. Give it a try for a different and revealing coffee experience in which your typical latte with come as 3 separate cups.,Dea - NYC + DC + NJ,,,,,,
Cortaditos,Coffee,,,Cuban coffee shop with lively decor and music. Get one of their signature drinks and enjoy the happy atmosphere.,Dea - NYC + DC + NJ,,,,,,
Joe Coffee Company,Coffee,,Yes,Coffee kiosk in Bryant Park. My recommendation is to get a coffee and drink it slowly taking in the sounds and sights of the city seeping in at the edges of this urban park.,Dea - NYC + DC + NJ,,,,,,
Hungry Ghost,Coffee,,Yes,"Their Fulton St Brooklyn location makes for a nice neighbor-ly coffee experience. My recommendation: take your drink to go and walk around the street lined with bookstores and cafes, a nice getaway from the bustle of Manhattan visible from the distance.",Dea - NYC + DC + NJ,,,,,,
Devocion,Coffee,,,Some of the best coffee in NYC: at their Brooklyn location you can enjoy a glass-roofed coffee room with stage-like seating.,Dea - NYC + DC + NJ,,,,,,
Lillo Cucina Italiana,Restaurant,,Yes,Tiny cash-only pasta spot with only a handful of tables. Can't go wrong with any of the dishes and the Italian decor and the friendliness of the people dining creates a heart-warming food atmosphere!,Dea - NYC + DC + NJ,,,,,,
YUBU,Restaurant,,Yes,Innovative food items in this casual Korean spot: get a set of their 3 sushi-like small eats. I recommend the salmon and spicy tuna.,Dea - NYC + DC + NJ,,,,,,
L'Industrie,Pizza,,,NYC style pizza at its best. The burrata and truffle slices are a must if you ask me and the lines are worth it for these slices.,Dea - NYC + DC + NJ,,,,,,
Sam's Falafel,Food Truck,,Yes,"Giant falafel sandwich that will leave you full for the rest of the day, definitely worth it! Staff is passionate and friendly, but I recommend taking the sandwich and walking over to the Hudson river and enjoy it watching the ships.",Dea - NYC + DC + NJ,,,,,,
Leo's Bagel,Bagel,,,Great bagel spot in the Wall Street area: get one of their special bagels (I recommend the avocado and bacon). Simple but very filling!,Dea - NYC + DC + NJ,,,,,,
Van Leeuwen Ice Cream,Ice-cream,,,"Funky (always appreciated) flavors. I recommend their seasonal specials, the passion fruit was colorful and very tasty.",Dea - NYC + DC + NJ,,,,,,
Pita Yeero,Food Truck,,,Greek kiosk in an indoor food court: get the chicken gyro. Yummy!,Dea - NYC + DC + NJ,,,,,,
Orale! Mexican Kitchen,Restaurant,,Yes,"I've only ever ordered takeout from this Mexican spot, but the battered fish tacos and their rice side dish is something I go back to week after week.",Dea - NYC + DC + NJ,,,,,,
Khiladi NYC,Restaurant,,,"Great dosa, I recommend the ""everything"" filling with cheese, potatoes and lentils.",Dea - NYC + DC + NJ,,,,,,
Mariscos El Submarino,Restaurant,,,Fish tacos in this small but very busy Queens Mexican restaurant.,Dea - NYC + DC + NJ,,,,,,
Nada,Food Truck,,,Vegan empanadas: warm and filling. The black bean and corn was great!,Dea - NYC + DC + NJ,,,,,,
Spicy Moon,Restaurant,,,Scallion pancakes and dan dan noodles in this vegan spot really hit the spot! Tasty and good portion sizes for our noodle cravings.,Dea - NYC + DC + NJ,,,,,,
Taqueria Al Pastor,Restaurant,,Yes,"Some of the tastiest tacos al pastor NYC has to offer. As always, the marinated pork, sauces and pinapple make for a great food experience. Props for being right outside of the subway stop.",Dea - NYC + DC + NJ,,,,,,
Miss Ada,Restaurant,,Yes,Whipped ricotta + any other dish from this former Michelin spot that serves creative and super tasty Middle Eastern food.,Dea - NYC + DC + NJ,,,,,,
For Five Coffee,Coffee,,,Great DC coffee! Their espresso was really good: bright and complex. A good afternoon coffee option for that post-lunch lethargic feeling.,Dea - NYC + DC + NJ,,,,,,
Gregorys Coffee,Coffee,,Yes,One of DC's best coffee shops: sit in their glass cubicles by the window watching the world go by having a snack and drinking a nice afternoon coffee.,Dea - NYC + DC + NJ,,,,,,
George's King of Falafel and Cheesesteak,Restaurant,,,Great shawarma: very filling and fresh!,Dea - NYC + DC + NJ,,,,,,
The Exchange Saloon,Bar,,,Nice bar with a cool rooftop overlooking DC: spot the airport and the National Mall.,Dea - NYC + DC + NJ,,,,,,
Eye Street Grill,Restaurant,,,"Self-serve lunch restaurant. A lot of options, all tasty and healthy. Check it out when you're in the White House area.",Dea - NYC + DC + NJ,,,,,,
Stumptown Coffee,Coffee,,,,Dea - PNW,,,,,,
Heart Coffee Roasters,Coffee,,,,Dea - PNW,,,,,,
Never Coffee,Coffee,,,,Dea - PNW,,,,,,
Sunny Day,Coffee,,Yes,Nice coffee kiosk at the corner of 23rd street.,Dea - PNW,,,,,,
Sisters Coffee Company,Coffee,,,,Dea - PNW,,,,,,
Rain or Shine,Coffee,,,,Dea - PNW,,,,,,
Tov Coffee,Coffee,,Yes,Turkish coffee in a double-decker bus decorated with Egyptian souvenirs.,Dea - PNW,,,,,,
Barista Coffee,Coffee,,,,Dea - PNW,,,,,,
Compass Coffee,Coffee,,,,Dea - PNW,,,,,,
Compass Coffee,Coffee,,,,Dea - PNW,"817 Washington St, Vancouver, WA 98660, United States",4.6,843,"https://www.google.com/maps/search/?api=1&query=817%20Washington%20St,%20Vancouver,%20WA%2098660,%20United%20States&query_place_id=ChIJmxa1JrSolVQRAxKuFoFVVbo",45.6278365,-122.672555
Dandelion Teahouse,Coffee,,,,Dea - PNW,,,,,,
Terrain Coffee,Coffee,,,,Dea - PNW,,,,,,
Pajaro,Coffee,,Yes,"Small coffee shop: self-made plant milk, cute cups and very enthusiastic owner who loves to chat about coffee making.",Dea - PNW,,,,,,
Good Coffee,Coffee,,,,Dea - PNW,,,,,,
Coava,Coffee,,,,Dea - PNW,,,,,,
Nossa Familia,Coffee,,,,Dea - PNW,,,,,,
Case Study Coffee,Coffee,,,,Dea - PNW,,,,,,
Queue Coffee,Coffee,,,,Dea - PNW,,,,,,
Relevant Coffee,Coffee,,,,Dea - PNW,,,,,,
Relevant Coffee,Coffee,,,,Dea - PNW,"1703 Main St suite a, Vancouver, WA 98660, United States",4.7,576,"https://www.google.com/maps/search/?api=1&query=1703%20Main%20St%20suite%20a,%20Vancouver,%20WA%2098660,%20United%20States&query_place_id=ChIJHdwhlsqolVQRBLx-7-LuOrY",45.6343802,-122.6711534
Super Joy Coffee,Coffee,,,,Dea - PNW,,,,,,
Upper Left Coffee,Coffee,,,,Dea - PNW,,,,,,
Ovation Coffee,Coffee,,,,Dea - PNW,,,,,,
Deadstock Coffee,Coffee,,,,Dea - PNW,,,,,,
Little Italy's Trattoria,Restaurant,,,,Dea - PNW,,,,,,
La Provence,Restaurant,,,,Dea - PNW,,,,,,
Voodoo Doughnuts,Restaurant,,,,Dea - PNW,,,,,,
Foode Cafe,Restaurant,,Yes,Sandwich shop with super friendly staff: get a Turkey & Havarti and enjoy it in a cozy and calm atmosphere.,Dea - PNW,,,,,,
Lan Su,Restaurant,,,,Dea - PNW,,,,,,
Kornblatt's Deli,Restaurant,,,,Dea - PNW,,,,,,
Salt and Straw,Restaurant,,,,Dea - PNW,,,,,,
Mirisata,Restaurant,,Yes,Great Sri Lankan food that is bursting with flavor in a very relaxed spot.,Dea - PNW,,,,,,
Por Que No,Restaurant,,,,Dea - PNW,,,,,,
Hopworks,Restaurant,,,,Dea - PNW,,,,,,
Abhiruchi Indian Cuisine,Restaurant,,,,Dea - PNW,,,,,,
Nola Doughnuts,Restaurant,,,,Dea - PNW,,,,,,
Flying Fish Company,Restaurant,,,,Dea - PNW,,,,,,
Dediko,Restaurant,,Yes,Cool spot for great Georgian food in sleepy Downtown Vancouver WA. Get the dumplings (khinkali) and cheese boat (khachapuri).,Dea - PNW,,,,,,
Joe Brown's Cafe,Restaurant,,,,Dea - PNW,,,,,,
Breakside,Restaurant,,,,Dea - PNW,,,,,,
Ranch PDX,Restaurant,,,,Dea - PNW,,,,,,
Little Conejo,Restaurant,,,,Dea - PNW,,,,,,
Nonavo Pizza,Restaurant,,,,Dea - PNW,,,,,,
Chutney Indian Cuisine,Restaurant,,,,Dea - PNW,,,,,,
La Sorrentina,Restaurant,,Yes,"Personal top 2 pizza spots in the US in the most random of locations, next to a largely empty business park and car lot. Some of the best Neapolitan pizza you can get.",Dea - PNW,,,,,,
Grassa,Restaurant,,,,Dea - PNW,,,,,,
McMenamins,Restaurant,,,,Dea - PNW,,,,,,
Mio Sushi,Restaurant,,,,Dea - PNW,,,,,,
Amaro's Table Downtown,Restaurant,,,,Dea - PNW,,,,,,
Gustav,Restaurant,,,,Dea - PNW,,,,,,
Petunia,Restaurant,,,,Dea - PNW,,,,,,
Altengartz,Food Truck,,Yes,German food truck with very friendly owner cooking the bratwurst. Stick around to hear how his family has been running the truck for decades.,Dea - PNW,,,,,,
Mumbo Gumbo,Food Truck,,Yes,"Great Cajun food served out of a funky food truck. The nipsey hussle is the perfect combo of fried shrimp, garlic butter and cajun spices.",Dea - PNW,,,,,,
Ash Wood Fired,Food Truck,,,,Dea - PNW,,,,,,
El Pilon,Food Truck,,,,Dea - PNW,,,,,,
Viking Soul Food,Food Truck,,Yes,Norwegian goodies in a vintage food truck: try out the lefse and pickled eggs.,Dea - PNW,,,,,,
Gourmet on the Go,Food Truck,,,,Dea - PNW,,,,,,
Tall Boy Fish and Chips,Food Truck,,,,Dea - PNW,,,,,,
Bobablastic,Food Truck,,,,Dea - PNW,,,,,,
Vesta Coffee Roasters,Coffee,"Las Vegas, Nevada",Yes,Good coffee in the Arts District: great for sitting down and planning your first day in Vegas. Minimalist decor + espresso comes in cute little tray.,Dea - Vegas,"1114 S Casino Center Blvd #1, Las Vegas, NV 89104, United States",4.8,757,"https://www.google.com/maps/search/?api=1&query=1114%20S%20Casino%20Center%20Blvd%20#1,%20Las%20Vegas,%20NV%2089104,%20United%20States&query_place_id=ChIJt3AWTYXDyIARcYXpVjOsvAU",36.1581634,-115.1524651
PublicUs,Coffee,"Las Vegas, Nevada",,,Dea - Vegas,"1126 E Fremont St, Las Vegas, NV 89101, United States",4.6,2003,"https://www.google.com/maps/search/?api=1&query=1126%20E%20Fremont%20St,%20Las%20Vegas,%20NV%2089101,%20United%20States&query_place_id=ChIJM7jaCHHDyIARPHMuFhyy8hI",36.1657782,-115.132962
PublicUs,Coffee,"Las Vegas, Nevada",,,Dea - Vegas,"1126 E Fremont St, Las Vegas, NV 89101, United States",4.6,2003,"https://www.google.com/maps/search/?api=1&query=1126%20E%20Fremont%20St,%20Las%20Vegas,%20NV%2089101,%20United%20States&query_place_id=ChIJM7jaCHHDyIARPHMuFhyy8hI",36.1657782,-115.132962
Mothership,Coffee,"Las Vegas, Nevada",Yes,Great coffee hidden behind a neighbor's market and next to a live music amphitheater. Bonus for quirky sculptures at the entrance and for neighborly vibes.,Dea - Vegas,"1028 E Fremont St, Las Vegas, NV 89101, United States",4.7,364,"https://www.google.com/maps/search/?api=1&query=1028%20E%20Fremont%20St,%20Las%20Vegas,%20NV%2089101,%20United%20States&query_place_id=ChIJkbda4CXDyIARSGNPfnmbb-4",36.1669661,-115.1338836
Bungalow,Coffee,"Las Vegas, Nevada",,,Dea - Vegas,"5129 Kell Ln, Las Vegas, NV 89156, United States",4.8,24,"https://www.google.com/maps/search/?api=1&query=5129%20Kell%20Ln,%20Las%20Vegas,%20NV%2089156,%20United%20States&query_place_id=ChIJb3g9VlTdyIARfjb77RzlugA",36.1922194,-115.0612373
Makers and Finders,Coffee,"Las Vegas, Nevada",,,Dea - Vegas,"1120 S Main St Suite 110, Las Vegas, NV 89104, United States",4.4,2211,"https://www.google.com/maps/search/?api=1&query=1120%20S%20Main%20St%20Suite%20110,%20Las%20Vegas,%20NV%2089104,%20United%20States&query_place_id=ChIJyY-QApDDyIARAuN4Vd8aYhQ",36.1578972,-115.1539448
Makers and Finders,Coffee,"Las Vegas, Nevada",,,Dea - Vegas,"1120 S Main St Suite 110, Las Vegas, NV 89104, United States",4.4,2211,"https://www.google.com/maps/search/?api=1&query=1120%20S%20Main%20St%20Suite%20110,%20Las%20Vegas,%20NV%2089104,%20United%20States&query_place_id=ChIJyY-QApDDyIARAuN4Vd8aYhQ",36.1578972,-115.1539448
The Writer's Block,Coffee,"Las Vegas, Nevada",Yes,"Coffee shop and bookstore in one: get a coffee drink, browse the books or listen in to the cafe's literary events.",Dea - Vegas,"519 S 6th St #100, Las Vegas, NV 89101, United States",4.8,803,"https://www.google.com/maps/search/?api=1&query=519%20S%206th%20St%20#100,%20Las%20Vegas,%20NV%2089101,%20United%20States&query_place_id=ChIJRUZSQ3HDyIAR6UiWgOtvN10",36.1630147,-115.1431163
Esther's Kitchen,Restaurant,"Las Vegas, Nevada",,,Dea - Vegas,"1130 S Casino Center Blvd STE 110, Las Vegas, NV 89104, United States",4.7,2558,"https://www.google.com/maps/search/?api=1&query=1130%20S%20Casino%20Center%20Blvd%20STE%20110,%20Las%20Vegas,%20NV%2089104,%20United%20States&query_place_id=ChIJ44w1UIXDyIAR4Gj6uVkFoPY",36.1575051,-115.1528674
PublicUs,Restaurant,"Las Vegas, Nevada",,,Dea - Vegas,"1126 E Fremont St, Las Vegas, NV 89101, United States",4.6,2003,"https://www.google.com/maps/search/?api=1&query=1126%20E%20Fremont%20St,%20Las%20Vegas,%20NV%2089101,%20United%20States&query_place_id=ChIJM7jaCHHDyIARPHMuFhyy8hI",36.1657782,-115.132962
PublicUs,Restaurant,"Las Vegas, Nevada",,,Dea - Vegas,"1126 E Fremont St, Las Vegas, NV 89101, United States",4.6,2003,"https://www.google.com/maps/search/?api=1&query=1126%20E%20Fremont%20St,%20Las%20Vegas,%20NV%2089101,%20United%20States&query_place_id=ChIJM7jaCHHDyIARPHMuFhyy8hI",36.1657782,-115.132962
Bouchon Bakery,Desert Kiosk,"Las Vegas, Nevada",,,Dea - Vegas,"3355 S Las Vegas Blvd, Las Vegas, NV 89109, United States",4.3,567,"https://www.google.com/maps/search/?api=1&query=3355%20S%20Las%20Vegas%20Blvd,%20Las%20Vegas,%20NV%2089109,%20United%20States&query_place_id=ChIJiwV3rBXEyIARPpyXRo1lb_w",36.1215874,-115.1692281
Gordon Ramsay Fish and Chips,Restaurant,"Las Vegas, Nevada",,,Dea - Vegas,"3545 S Las Vegas Blvd, Las Vegas, NV 89109, United States",4.2,4993,"https://www.google.com/maps/search/?api=1&query=3545%20S%20Las%20Vegas%20Blvd,%20Las%20Vegas,%20NV%2089109,%20United%20States&query_place_id=ChIJ19Ov9DvEyIARAvrfwqpPpNg",36.1173845,-115.1717955
Makers and Finders,Restaurant,"Las Vegas, Nevada",,,Dea - Vegas,"1120 S Main St Suite 110, Las Vegas, NV 89104, United States",4.4,2211,"https://www.google.com/maps/search/?api=1&query=1120%20S%20Main%20St%20Suite%20110,%20Las%20Vegas,%20NV%2089104,%20United%20States&query_place_id=ChIJyY-QApDDyIARAuN4Vd8aYhQ",36.1578972,-115.1539448
Makers and Finders,Restaurant,"Las Vegas, Nevada",,,Dea - Vegas,"1120 S Main St Suite 110, Las Vegas, NV 89104, United States",4.4,2211,"https://www.google.com/maps/search/?api=1&query=1120%20S%20Main%20St%20Suite%20110,%20Las%20Vegas,%20NV%2089104,%20United%20States&query_place_id=ChIJyY-QApDDyIARAuN4Vd8aYhQ",36.1578972,-115.1539448
Gordon Ramsay Burgers,Restaurant,"Las Vegas, Nevada",Yes,"World famous burgers living up to the hype: skip the lines, get your order as takeout and sit outside people-watching on the Strip.",Dea - Vegas,"3667 S Las Vegas Blvd, Las Vegas, NV 89109, United States",4.3,13698,"https://www.google.com/maps/search/?api=1&query=3667%20S%20Las%20Vegas%20Blvd,%20Las%20Vegas,%20NV%2089109,%20United%20States&query_place_id=ChIJ7QDYIjHEyIARV4A_QyuQ21w",36.1099868,-115.1702691
Freed's Bakery,Restaurant,"Las Vegas, Nevada",,,Dea - Vegas,"9815 S Eastern Ave, Las Vegas, NV 89183, United States",4.5,1844,"https://www.google.com/maps/search/?api=1&query=9815%20S%20Eastern%20Ave,%20Las%20Vegas,%20NV%2089183,%20United%20States&query_place_id=ChIJrxKCyxfFyIARo17Ru9qDLDk",36.0109897,-115.1199876
Golden Roast,Coffee,"Knoxville, TN",Yes,"A delightful haven of superb coffee within the UT campus, both easily reachable and delectable.",Harsh - Knoxville,"2250 Sutherland Ave, Knoxville, TN 37919, United States",4.6,122,"https://www.google.com/maps/search/?api=1&query=2250%20Sutherland%20Ave,%20Knoxville,%20TN%2037919,%20United%20States&query_place_id=ChIJ1yVWBQs9XIgRmRUTlmq3taI",35.9557377,-83.9526952
"Frothy Monkey, Downtown",Coffee,"Knoxville, TN",Yes,"The perfect blend of excellent coffee, tasteful decor, and a welcoming atmosphere conducive to both work and dining.",Harsh - Knoxville,"419 S Gay St, Knoxville, TN 37902, United States",4.3,94,"https://www.google.com/maps/search/?api=1&query=419%20S%20Gay%20St,%20Knoxville,%20TN%2037902,%20United%20States&query_place_id=ChIJx5q5oJkXXIgRFK1BrzaLOQk",35.9657154,-83.9187589
French Market Creperie,Restaurant,"Knoxville, TN",,"While the coffee is passable, the diverse and enticing crepe selection steals the show.",Harsh - Knoxville,"412 Clinch Ave, Knoxville, TN 37902, United States",4.6,2138,"https://www.google.com/maps/search/?api=1&query=412%20Clinch%20Ave,%20Knoxville,%20TN%2037902,%20United%20States&query_place_id=ChIJAx4eR8QXXIgRz_5Gbp4VKww",35.96353800000001,-83.9190402
Coffee and Chocolate,Coffee,"Knoxville, TN",,"Known for heavenly chocolate cookies and the rare perk of being open until 10 pm, this cafe is a must-visit.",Harsh - Knoxville,"327 Union Ave, Knoxville, TN 37902, United States",4.7,451,"https://www.google.com/maps/search/?api=1&query=327%20Union%20Ave,%20Knoxville,%20TN%2037902,%20United%20States&query_place_id=ChIJ71tZUcQXXIgRlNXT-k3IwC0",35.9649171,-83.9189009
HoneyBee Coffee Co,Coffee,"Knoxville, TN",Yes,"An ideal indoor locale for productive work sessions, casual gatherings, and coffee rendezvous.",Harsh - Knoxville,"7600 Kingston Pike Space #1556B, Knoxville, TN 37919, United States",4.6,85,"https://www.google.com/maps/search/?api=1&query=7600%20Kingston%20Pike%20Space%20#1556B,%20Knoxville,%20TN%2037919,%20United%20States&query_place_id=ChIJJbVGE1olXIgRKYarZcYa_3Q",35.9244944,-84.03642239999999
Jacks Coffee and Plants,Coffee,"Knoxville, TN",,An urban retreat offering more than just coffee - also a charming spot to buy plants in the heart of the city.,Harsh - Knoxville,"854 N Central St, Knoxville, TN 37917, United States",4.5,109,"https://www.google.com/maps/search/?api=1&query=854%20N%20Central%20St,%20Knoxville,%20TN%2037917,%20United%20States&query_place_id=ChIJJ3N33h0XXIgR_6gdL9NAXA4",35.9778003,-83.9250891
Spice and Tea Exchange,Tea and Spices,"Knoxville, TN",Yes,"An olfactory paradise offering an immense range of teas and spices, all available for a pre-purchase sniff.",Harsh - Knoxville,"522 S Gay St, Knoxville, TN 37902, United States",5,21,"https://www.google.com/maps/search/?api=1&query=522%20S%20Gay%20St,%20Knoxville,%20TN%2037902,%20United%20States&query_place_id=ChIJlaN-8lkXXIgRZMipnDxx38A",35.9646709,-83.9178033
Wild Love Bakehouse,Bakery,"Knoxville, TN",,"A sanctuary for coffee and croissant lovers, with the added charm of indoor and outdoor seating.",Harsh - Knoxville,"1625 N Central St, Knoxville, TN 37917, United States",4.6,742,"https://www.google.com/maps/search/?api=1&query=1625%20N%20Central%20St,%20Knoxville,%20TN%2037917,%20United%20States&query_place_id=ChIJ-wFdM4c9XIgR2V4T7sYEwtE",35.9854173,-83.9344115
Mahalo Coffee Roasters,Coffee,"Knoxville, TN",Yes,Experience the magic of a couple-run caf (with interesting backstory) delivering sublime lattes.,Harsh - Knoxville,"1317 E Emory Rd, Knoxville, TN 37938, United States",4.8,384,"https://www.google.com/maps/search/?api=1&query=1317%20E%20Emory%20Rd,%20Knoxville,%20TN%2037938,%20United%20States&query_place_id=ChIJ3YIDnv0_XIgRvrur_UR2eUQ",36.0615371,-83.9800181
Capycabara Coffee,Coffee,"Knoxville, TN",,"A welcoming spot featuring a friendly, well-versed staff, in a prime location with an adorable aesthetic.",Harsh - Knoxville,"2457 University Commons Way, Knoxville, TN 37919, United States",4.9,228,"https://www.google.com/maps/search/?api=1&query=2457%20University%20Commons%20Way,%20Knoxville,%20TN%2037919,%20United%20States&query_place_id=ChIJv8kQXQA9XIgRfVnhmo0tsG0",35.9509102,-83.9397853
Old City Java,Coffee,"Knoxville, TN",Yes,"Immerse yourself in an environment of great vibes, excellent coffee, and versatile seating options, both indoors and outdoors.",Harsh - Knoxville,"109 S Central St, Knoxville, TN 37902, United States",4.6,472,"https://www.google.com/maps/search/?api=1&query=109%20S%20Central%20St,%20Knoxville,%20TN%2037902,%20United%20States&query_place_id=ChIJ6_RpD88XXIgRV7VWHB_Tqo0",35.9700788,-83.9184277
Bida Saigon,Restaurant,"Knoxville, TN",Yes,"Delicious Pho, brimming with irresistible Vietnamese culinary delights.",Harsh - Knoxville,"8078 Kingston Pike, Knoxville, TN 37919, United States",4.5,985,"https://www.google.com/maps/search/?api=1&query=8078%20Kingston%20Pike,%20Knoxville,%20TN%2037919,%20United%20States&query_place_id=ChIJAee079wkXIgR6mAXxyID-pA",35.9229527,-84.0498243
Aroma Indian Kitchen,Restaurant,"Knoxville, TN",,"The destination for scrumptious masala dosa and biryani, though the mutton offerings fall short of expectations.",Harsh - Knoxville,"138 N Cedar Bluff Rd, Knoxville, TN 37923, United States",4.3,615,"https://www.google.com/maps/search/?api=1&query=138%20N%20Cedar%20Bluff%20Rd,%20Knoxville,%20TN%2037923,%20United%20States&query_place_id=ChIJyfiBGG4lXIgR3jTkFRS6X9Q",35.9130971,-84.08682809999999
The Tomato Head,Pizza,"Knoxville, TN",,"A trendy American pizzeria, dishing up a mix of vegetarian options, paired with a curated selection of beer and wine.",Harsh - Knoxville,"12 Market Square, Knoxville, TN 37902, United States",4.5,2258,"https://www.google.com/maps/search/?api=1&query=12%20Market%20Square,%20Knoxville,%20TN%2037902,%20United%20States&query_place_id=ChIJTbL0_sQXXIgRmrNflbYf2dw",35.9651887,-83.91928209999999
Kafiex Roasters,Coffee,"Vancouver, WA",Yes,Good coffee and a nice collection of books on the history of coffee and coffee culture.,Harsh - PNW,"720 Esther St, Vancouver, WA 98660, United States",4.3,281,"https://www.google.com/maps/search/?api=1&query=720%20Esther%20St,%20Vancouver,%20WA%2098660,%20United%20States&query_place_id=ChIJCWrs3hOwlVQROxma3SGMRu0",45.6271099,-122.6762403
Krays Coffee and Bakery,Coffee,"Vancouver, WA",,Nice coffee and their parfaits are amazing!,Harsh - PNW,"7809 NE Vancouver Plaza Dr #150, Vancouver, WA 98662, United States",4.6,658,"https://www.google.com/maps/search/?api=1&query=7809%20NE%20Vancouver%20Plaza%20Dr%20#150,%20Vancouver,%20WA%2098662,%20United%20States&query_place_id=ChIJoanuxfuvlVQRa4I9RvMXYsg",45.64839569999999,-122.5918642
Roseline Coffee,Coffee,"Portland, OR",,,Harsh - PNW,"1015 SE 11th Ave #100, Portland, OR 97214, United States",4.6,103,"https://www.google.com/maps/search/?api=1&query=1015%20SE%2011th%20Ave%20#100,%20Portland,%20OR%2097214,%20United%20States&query_place_id=ChIJF3SVEEKhlVQREbGnR20iOl8",45.5157163,-122.6548319
Compass Coffee,Coffee,"Vancouver, WA",Yes,Good place to work or hangout with friends. Also has an outdoor patio.,Harsh - PNW,,,,,,
Compass Coffee,Coffee,"Vancouver, WA",Yes,Good place to work or hangout with friends. Also has an outdoor patio.,Harsh - PNW,"817 Washington St, Vancouver, WA 98660, United States",4.6,843,"https://www.google.com/maps/search/?api=1&query=817%20Washington%20St,%20Vancouver,%20WA%2098660,%20United%20States&query_place_id=ChIJmxa1JrSolVQRAxKuFoFVVbo",45.6278365,-122.672555
Keeper Coffee,Coffee,"Portland, OR",Yes,"Cozy but bustling! If you're lucky enough, you will get coffee from Morgan, world barista champion.",Harsh - PNW,"4515 SE 41st Ave, Portland, OR 97202, United States",4.8,280,"https://www.google.com/maps/search/?api=1&query=4515%20SE%2041st%20Ave,%20Portland,%20OR%2097202,%20United%20States&query_place_id=ChIJwVBb6R0LlVQR52pe_0J9y4E",45.4899881,-122.619976
Foode Catering,Restaurant,"Vancouver, WA",,A delicious sandwich place with good coffee.,Harsh - PNW,"900 Washington St #120, Vancouver, WA 98660, United States",4.6,98,"https://www.google.com/maps/search/?api=1&query=900%20Washington%20St%20#120,%20Vancouver,%20WA%2098660,%20United%20States&query_place_id=ChIJ5f1j97SolVQRd4l-oD46vxE",45.6283793,-122.6731579
Relevant Coffee,Coffee,"Vancouver, WA",Yes,"Spacious cafe with interesting group of goers. Great place to read a book, finish a project, or just have some philosophical chat with friends relaxing on the couch.",Harsh - PNW,,,,,,
Relevant Coffee,Coffee,"Vancouver, WA",Yes,"Spacious cafe with interesting group of goers. Great place to read a book, finish a project, or just have some philosophical chat with friends relaxing on the couch.",Harsh - PNW,"1703 Main St suite a, Vancouver, WA 98660, United States",4.7,576,"https://www.google.com/maps/search/?api=1&query=1703%20Main%20St%20suite%20a,%20Vancouver,%20WA%2098660,%20United%20States&query_place_id=ChIJHdwhlsqolVQRBLx-7-LuOrY",45.6343802,-122.6711534
Case Study Coffee Roasters,Coffee,"Portland, OR",Yes,Fine inner decor. Good crowd of people; I was inspired to read.,Harsh - PNW,"802 SW 10th Ave, Portland, OR 97205, United States",4.4,1179,"https://www.google.com/maps/search/?api=1&query=802%20SW%2010th%20Ave,%20Portland,%20OR%2097205,%20United%20States&query_place_id=ChIJa92lywQKlVQRXlkX4rXNbnM",45.5190805,-122.6823427
Brewed Awakenings,Coffee,"Vancouver, WA",,"I love this cafe for its variety of seating. You will meet groups plaing board games, high schoolers doing homework, people with headphones, and people reading. Big menu; more than coffee.",Harsh - PNW,"6709 NE 63rd St #101, Vancouver, WA 98661, United States",4.6,404,"https://www.google.com/maps/search/?api=1&query=6709%20NE%2063rd%20St%20#101,%20Vancouver,%20WA%2098661,%20United%20States&query_place_id=ChIJmcwBkLevlVQR6Tk-faeWxpc",45.6676817,-122.6039947
Bollywood Theater,Restaurant,"Portland, OR",Yes,Good collection of Indian street food. Not spicy but full of flavours.,Harsh - PNW,"2039 NE Alberta St, Portland, OR 97211, United States",4.4,1315,"https://www.google.com/maps/search/?api=1&query=2039%20NE%20Alberta%20St,%20Portland,%20OR%2097211,%20United%20States&query_place_id=ChIJtz1JAiCnlVQRXr_iA5MFB08",45.5591718,-122.64403
